use commercial;
insert into VENDEUR
(
NO_VENDEUR,
NO_VEND_CHEF_EQ,
NOM_VEND,
PRENOM_VEND,
DATE_EMBAU,
VILLE_VEND,
SALAIRE_VEND,
COMMISSION
)
values (
'000001','000001','Zimmerman','Alphonse','2000-12-02', 'Paris',13500.00,50
);



insert into VENDEUR
(
NO_VENDEUR,
NO_VEND_CHEF_EQ,
NOM_VEND,
PRENOM_VEND,
DATE_EMBAU,
VILLE_VEND,
SALAIRE_VEND,
COMMISSION
)
values ( '000003','000001','Vidoni','Lise','2000-04-06','Lyon',9780.00,50);



insert into VENDEUR
(
NO_VENDEUR,
NO_VEND_CHEF_EQ,
NOM_VEND,
PRENOM_VEND,
DATE_EMBAU,
VILLE_VEND,
SALAIRE_VEND,
COMMISSION
)
values ( '000004','000001','Coudray','Bruno','2000-03-05','Paris',14500.00,50);

insert into VENDEUR
(
NO_VENDEUR,
NO_VEND_CHEF_EQ,
NOM_VEND,
PRENOM_VEND,
DATE_EMBAU,
VILLE_VEND,
SALAIRE_VEND,
COMMISSION
)
values ( '000006','000001','Thomas','Pierre','2001-05-23','Lyon',10056.00,50);

insert into VENDEUR
(
NO_VENDEUR,
NO_VEND_CHEF_EQ,
NOM_VEND,
PRENOM_VEND,
DATE_EMBAU,
VILLE_VEND,
SALAIRE_VEND,
COMMISSION
)
values ( '000008','000001','Mauleron','Arianne','2003-08-27','Paris',10300.00,50);

insert into VENDEUR
(
NO_VENDEUR,
NO_VEND_CHEF_EQ,
NOM_VEND,
PRENOM_VEND,
DATE_EMBAU,
VILLE_VEND,
SALAIRE_VEND,
COMMISSION
)
values ( '000011','000001','Gorbach','Michel','2000-05-29','Nantes',12960.00,70);

insert into VENDEUR
(
NO_VENDEUR,
NO_VEND_CHEF_EQ,
NOM_VEND,
PRENOM_VEND,
DATE_EMBAU,
VILLE_VEND,
SALAIRE_VEND,
COMMISSION
)
values ('000012', '000004','Charles', 'Edouard','2002-06-23','Nantes',15600.00,50);

insert into VENDEUR
(
NO_VENDEUR,
NO_VEND_CHEF_EQ,
NOM_VEND,
PRENOM_VEND,
DATE_EMBAU,
VILLE_VEND,
SALAIRE_VEND,
COMMISSION
)
values ( '000013','000004','Marin','Jean','2000-07-18','Paris',7500.00,11.0);

insert into VENDEUR
(
NO_VENDEUR,
NO_VEND_CHEF_EQ,
NOM_VEND,
PRENOM_VEND,
DATE_EMBAU,
VILLE_VEND,
SALAIRE_VEND,
COMMISSION
)
values ( '000015','000004','Rodinck','Auguste','2000-09-15','Lyon',8700.00,80);


insert into VENDEUR
(
NO_VENDEUR,
NO_VEND_CHEF_EQ,
NOM_VEND,
PRENOM_VEND,
DATE_EMBAU,
VILLE_VEND,
SALAIRE_VEND,
COMMISSION
)
values ( '000016','000004','Long','Gerard','2000-07-19','Lyon',8700.00,80);


insert into VENDEUR
(
NO_VENDEUR,
NO_VEND_CHEF_EQ,
NOM_VEND,
PRENOM_VEND,
DATE_EMBAU,
VILLE_VEND,
SALAIRE_VEND,
COMMISSION
)
values ( '000019','000004','Rolfes','Patrick','2001-02-25','Paris',9600.00,60);

insert into VENDEUR
(
NO_VENDEUR,
NO_VEND_CHEF_EQ,
NOM_VEND,
PRENOM_VEND,
DATE_EMBAU,
VILLE_VEND,
SALAIRE_VEND,
COMMISSION
)
values ( '000020','000001','Sandrin','Alex','2000-04-29','Nantes',12730.00,50);


insert into CLIENTEL 
( 
      NO_CLIENT, 
      SOCIETE, 
      NOM_CL, 
      PRENOM_CL, 
      ADRESSE_CL, 
      VILLE_CL, 
      CODE_POST_CL 
  ) 
values  
('000001','Design Leonard','Adami','Lucien','24, rue Saint Lo','Vernon','27200');


insert into CLIENTEL 
( 
      NO_CLIENT, 
      SOCIETE, 
      NOM_CL, 
      PRENOM_CL, 
      ADRESSE_CL, 
      VILLE_CL, 
      CODE_POST_CL 
  ) 
values  
('000003','Meubles Langlais','Ladelis','Laurent','42, rue Josephine','Angers','49000');
 

insert into CLIENTEL 
( 
      NO_CLIENT, 
      SOCIETE, 
      NOM_CL, 
      PRENOM_CL, 
      ADRESSE_CL, 
      VILLE_CL, 
      CODE_POST_CL 
  ) 
values  
('000009','Aux Meubles sur Mesures','Ralain','Gerard','Place Carnaval','Mornant','69440');
 

insert into CLIENTEL 
( 
      NO_CLIENT, 
      SOCIETE, 
      NOM_CL, 
      PRENOM_CL, 
      ADRESSE_CL, 
      VILLE_CL, 
      CODE_POST_CL 
  ) 
values  
('000011','Mobilier Americain','Bojolait','Christine','28, rue Chopin','Nimes','13100');
 

insert into CLIENTEL 
( 
      NO_CLIENT, 
      SOCIETE, 
      NOM_CL, 
      PRENOM_CL, 
      ADRESSE_CL, 
      VILLE_CL, 
      CODE_POST_CL 
  ) 
values  
('000016','Fournitures et Bureaux','Guilleaume','Jerome','20, rue Borville','Elbeuf','76500');
 

insert into CLIENTEL 
( 
      NO_CLIENT, 
      SOCIETE, 
      NOM_CL, 
      PRENOM_CL, 
      ADRESSE_CL, 
      VILLE_CL, 
      CODE_POST_CL 
  ) 
values  
('000017','Le Mobilier Noir','Camelot','Jean','46, rue Maillot','Chevrieres','60710');
 

insert into CLIENTEL 
( 
      NO_CLIENT, 
      SOCIETE, 
      NOM_CL, 
      PRENOM_CL, 
      ADRESSE_CL, 
      VILLE_CL, 
      CODE_POST_CL 
  ) 
values  
('000018','Systemes Interieurs','Gonzalez','Bruno','17, rue Curie','Loiret','45000');
 

insert into CLIENTEL 
( 
      NO_CLIENT, 
      SOCIETE, 
      NOM_CL, 
      PRENOM_CL, 
      ADRESSE_CL, 
      VILLE_CL, 
      CODE_POST_CL 
  ) 
values  
('000019','Au Grand Design','Ancelot','Jerome','7, place Hitchcock','Bandol','83150');
 

insert into CLIENTEL 
( 
      NO_CLIENT, 
      SOCIETE, 
      NOM_CL, 
      PRENOM_CL, 
      ADRESSE_CL, 
      VILLE_CL, 
      CODE_POST_CL 
  ) 
values  
('000022','Mobilier de Paris','Marbella','Max','17, place Rabelais','Amiens','80000');
 

insert into CLIENTEL 
( 
      NO_CLIENT, 
      SOCIETE, 
      NOM_CL, 
      PRENOM_CL, 
      ADRESSE_CL, 
      VILLE_CL, 
      CODE_POST_CL 
  ) 
values  
('000024','Bois et Metal','Farre','Philippe','59, rue Sambat','Gisors','27140');
 

insert into CLIENTEL 
( 
      NO_CLIENT, 
      SOCIETE, 
      NOM_CL, 
      PRENOM_CL, 
      ADRESSE_CL, 
      VILLE_CL, 
      CODE_POST_CL 
  ) 
values  
('000025','Le Mobilier Moderne','Vasille','Isabelle','47, rue des Pres','Chantilly','60500');
 

insert into CLIENTEL 
( 
      NO_CLIENT, 
      SOCIETE, 
      NOM_CL, 
      PRENOM_CL, 
      ADRESSE_CL, 
      VILLE_CL, 
      CODE_POST_CL 
  ) 
values  
('000027','Agencement de Bureaux','Ravard','Jacques','65, boulevard Jasmin','Ermenonville','60950');
 

insert into CLIENTEL 
( 
      NO_CLIENT, 
      SOCIETE, 
      NOM_CL, 
      PRENOM_CL, 
      ADRESSE_CL, 
      VILLE_CL, 
      CODE_POST_CL 
  ) 
values  
('000028','Conception et Bois','Pavent','Raymond','12, place Fontaine','Cabourg','14390');
 

insert into CLIENTEL 
( 
      NO_CLIENT, 
      SOCIETE, 
      NOM_CL, 
      PRENOM_CL, 
      ADRESSE_CL, 
      VILLE_CL, 
      CODE_POST_CL 
  ) 
values  
('000031','Le Mobilier de la vallee','Rasazin','Jacky','2, route de l arbre','Blain','44130');
 

insert into CLIENTEL 
( 
      NO_CLIENT, 
      SOCIETE, 
      NOM_CL, 
      PRENOM_CL, 
      ADRESSE_CL, 
      VILLE_CL, 
      CODE_POST_CL 
  ) 
values  
('000032','Design Contemporain','Jeaumont','Dominique','6, rue Emile Zola','Evron','53600');
 

insert into CLIENTEL 
( 
      NO_CLIENT, 
      SOCIETE, 
      NOM_CL, 
      PRENOM_CL, 
      ADRESSE_CL, 
      VILLE_CL, 
      CODE_POST_CL 
  ) 
values  
('000033','La Maison Interieure','Scheinder','Marc','31, rue Saturnin','Fos-sur-mer','13270'); 


insert into CLIENTEL 
( 
      NO_CLIENT, 
      SOCIETE, 
      NOM_CL, 
      PRENOM_CL, 
      ADRESSE_CL, 
      VILLE_CL, 
      CODE_POST_CL 
  ) 
values  
('000034','Le Bureau Japonais','Quelavoine','Charles','36, avenue Frank','Blonville','14910');
 

insert into CLIENTEL 
( 
      NO_CLIENT, 
      SOCIETE, 
      NOM_CL, 
      PRENOM_CL, 
      ADRESSE_CL, 
      VILLE_CL, 
      CODE_POST_CL 
  ) 
values 
('000035','Le Mobilier de la Vallee','Hellamy','Andre','40, rue Federation','Orleans','45000'); 

insert into CLIENTEL 
( 
      NO_CLIENT, 
      SOCIETE, 
      NOM_CL, 
      PRENOM_CL, 
      ADRESSE_CL, 
      VILLE_CL, 
      CODE_POST_CL 
  ) 
values  
('000036','Nouveaux Horizons','Zelinger','Jacques','4, rue Georges Sand','Nantes','44000');
 

insert into CLIENTEL 
( 
      NO_CLIENT, 
      SOCIETE, 
      NOM_CL, 
      PRENOM_CL, 
      ADRESSE_CL, 
      VILLE_CL, 
      CODE_POST_CL 
  ) 
values  
('000040','Espaces de Vie','Penoist','Alain','5, rue Rolland','Jumieges','76118');
 

insert into CLIENTEL 
( 
      NO_CLIENT, 
      SOCIETE, 
      NOM_CL, 
      PRENOM_CL, 
      ADRESSE_CL, 
      VILLE_CL, 
      CODE_POST_CL 
  ) 
values  
('000042','Meubles Cohen','Pujo','Bernard','52, rue Pannette','Evreux','27000');
 

insert into CLIENTEL 
( 
      NO_CLIENT, 
      SOCIETE, 
      NOM_CL, 
      PRENOM_CL, 
      ADRESSE_CL, 
      VILLE_CL, 
      CODE_POST_CL 
  ) 
values  
('000043','Les meubles d Antan','Berenger','Michel','20, rue Alouette','Arles','30100');
 

insert into CLIENTEL 
( 
      NO_CLIENT, 
      SOCIETE, 
      NOM_CL, 
      PRENOM_CL, 
      ADRESSE_CL, 
      VILLE_CL, 
      CODE_POST_CL 
  ) 
values  
('000045','Les Classiques','Ternard','Pierre','40, rue Ferrari','Guingamp','22200'); 


insert into CLIENTEL 
( 
      NO_CLIENT, 
      SOCIETE, 
      NOM_CL, 
      PRENOM_CL, 
      ADRESSE_CL, 
      VILLE_CL, 
      CODE_POST_CL 
  ) 
values  
('000046','Interieurs de bureaux','Lerthaux','Alain','12, avenue d Alleray','Bourges','18000'); 
 




insert into  COMMANDES
(
      NO_COMMAND,
      NO_VENDEUR,
      NO_CLIENT,
      DATE_CDE,
      FACTURE
)
values
 ('020002' ,'000008','000025','2006-06-19','F');

insert into  COMMANDES
(
      NO_COMMAND,
      NO_VENDEUR,
      NO_CLIENT,
      DATE_CDE,
      FACTURE
)
values
 ('020003','000006','000043','2006-06-20','F');

insert into  COMMANDES
(
      NO_COMMAND,
      NO_VENDEUR,
      NO_CLIENT,
      DATE_CDE,
      FACTURE
)
values
 ('020004','000001','000034','2006-05-21','F');

insert into  COMMANDES
(
      NO_COMMAND,
      NO_VENDEUR,
      NO_CLIENT,
      DATE_CDE,
      FACTURE
)
values
 ('020005','000001','000016','2006-08-21','F');

insert into  COMMANDES
(
      NO_COMMAND,
      NO_VENDEUR,
      NO_CLIENT,
      DATE_CDE,
      FACTURE
)
values
 ('020006','000012','000036','2006-10-23','F');

insert into  COMMANDES
(
      NO_COMMAND,
      NO_VENDEUR,
      NO_CLIENT,
      DATE_CDE,
      FACTURE
)
values
 ('020007','000013','000019','2006-09-23','F');

insert into  COMMANDES
(
      NO_COMMAND,
      NO_VENDEUR,
      NO_CLIENT,
      DATE_CDE,
      FACTURE
)
values
 ('020008','000003','000011','2006-09-21','F');

insert into  COMMANDES
(
      NO_COMMAND,
      NO_VENDEUR,
      NO_CLIENT,
      DATE_CDE,
      FACTURE
)
values
 ('020009','000012','000018','2006-11-20','F');

insert into  COMMANDES
(
      NO_COMMAND,
      NO_VENDEUR,
      NO_CLIENT,
      DATE_CDE,
      FACTURE
)
values
 ('020010','000001','000031','2006-07-18','F');

insert into  COMMANDES
(
      NO_COMMAND,
      NO_VENDEUR,
      NO_CLIENT,
      DATE_CDE,
      FACTURE
)
values
 ('020011','000020','000040','2006-08-29','F');

insert into  COMMANDES
(
      NO_COMMAND,
      NO_VENDEUR,
      NO_CLIENT,
      DATE_CDE,
      FACTURE
)
values
 ('020012','000008','000027','2006-09-24','F');

insert into  COMMANDES
(
      NO_COMMAND,
      NO_VENDEUR,
      NO_CLIENT,
      DATE_CDE,
      FACTURE
)
values
 ('020013','000012','000036','2006-06-26','F');

insert into  COMMANDES
(
      NO_COMMAND,
      NO_VENDEUR,
      NO_CLIENT,
      DATE_CDE,
      FACTURE
)
values
 ('020014','000001','000001','2006-06-23','F');

insert into  COMMANDES
(
      NO_COMMAND,
      NO_VENDEUR,
      NO_CLIENT,
      DATE_CDE,
      FACTURE
)
values
 ('020015','000004','000019','2006-07-24','F');

insert into  COMMANDES
(
      NO_COMMAND,
      NO_VENDEUR,
      NO_CLIENT,
      DATE_CDE,
      FACTURE
)
values
 ('020016','000013','000011','2006-09-18','F');

insert into  COMMANDES
(
      NO_COMMAND,
      NO_VENDEUR,
      NO_CLIENT,
      DATE_CDE,
      FACTURE
)
values
 ('020017','000006','000032','2006-09-25','F');

insert into  COMMANDES
(
      NO_COMMAND,
      NO_VENDEUR,
      NO_CLIENT,
      DATE_CDE,
      FACTURE
)
values
 ('020018','000013','000036','2006-09-28','F');

insert into  COMMANDES
(
      NO_COMMAND,
      NO_VENDEUR,
      NO_CLIENT,
      DATE_CDE,
      FACTURE
)
values
 ('020019','000013','000016','2006-09-29','F');

insert into  COMMANDES
(
      NO_COMMAND,
      NO_VENDEUR,
      NO_CLIENT,
      DATE_CDE,
      FACTURE
)
values
 ('020020','000013','000031','2006-09-18','F');

insert into  COMMANDES
(
      NO_COMMAND,
      NO_VENDEUR,
      NO_CLIENT,
      DATE_CDE,
      FACTURE
)
values
 ('020021','000008','000046','2006-08-14','F');

insert into  COMMANDES
(
      NO_COMMAND,
      NO_VENDEUR,
      NO_CLIENT,
      DATE_CDE,
      FACTURE
)
values
 ('020022','000004','000027','2006-09-17','F');

insert into  COMMANDES
(
      NO_COMMAND,
      NO_VENDEUR,
      NO_CLIENT,
      DATE_CDE,
      FACTURE
)
values
 ('020023','000003','000040','2006-10-22','F');

insert into  COMMANDES
(
      NO_COMMAND,
      NO_VENDEUR,
      NO_CLIENT,
      DATE_CDE,
      FACTURE
)
values
 ('020024','000012','000045','2006-10-01','F');

insert into  COMMANDES
(
      NO_COMMAND,
      NO_VENDEUR,
      NO_CLIENT,
      DATE_CDE,
      FACTURE
)
values
 ('020025','000003','000019','2006-10-05','F');

insert into  COMMANDES
(
      NO_COMMAND,
      NO_VENDEUR,
      NO_CLIENT,
      DATE_CDE,
      FACTURE
)
values
 ('020026','000004','000017','2006-10-07','F');




insert into ARTICLES 
 (
      NO_ARTICLE,
     LIB_ARTICLE,
     QTE_DISPO,
      VILLE_ART,
      PRIX_ART,
      INTERROMPU
) 
values 
('001001','Bureau Electronique',2,'Nantes',1674.03,'F');
 
insert into ARTICLES 
 (
      NO_ARTICLE,
     LIB_ARTICLE,
     QTE_DISPO,
      VILLE_ART,
      PRIX_ART,
      INTERROMPU
) 
values 
('001002','Ensemble bureau (Secretaire)',2,'Paris',1868.43,'F');
 
insert into ARTICLES 
 (
      NO_ARTICLE,
     LIB_ARTICLE,
     QTE_DISPO,
      VILLE_ART,
      PRIX_ART,
      INTERROMPU
) 
values 
('001005','Ensemble bureau (Directeur)',1,'Nantes',3880.53,'F');
 
insert into ARTICLES 
 (
      NO_ARTICLE,
     LIB_ARTICLE,
     QTE_DISPO,
      VILLE_ART,
      PRIX_ART,
      INTERROMPU
) 
values 
('001007','Table en bois - pied central',29,'Lyon',1153.47,'F');
 
insert into ARTICLES 
 (
      NO_ARTICLE,
     LIB_ARTICLE,
     QTE_DISPO,
      VILLE_ART,
      PRIX_ART,
      INTERROMPU
) 
values 
('001008','Meuble micro-ordinateur',22,'Paris',629.62,'F');
 
insert into ARTICLES 
 (
      NO_ARTICLE,
     LIB_ARTICLE,
     QTE_DISPO,
      VILLE_ART,
      PRIX_ART,
      INTERROMPU
) 
values 
('001009','Chaise - dossier reglable',124,'Nantes',387.66,'T');
 
insert into ARTICLES 
 (
      NO_ARTICLE,
     LIB_ARTICLE,
     QTE_DISPO,
      VILLE_ART,
      PRIX_ART,
      INTERROMPU
) 
values 
('001013','Chaise (Moderne) pneumatique',115,'Nantes',430.60,'F');

insert into ARTICLES 
 (
      NO_ARTICLE,
     LIB_ARTICLE,
     QTE_DISPO,
      VILLE_ART,
      PRIX_ART,
      INTERROMPU
) 
values 
('001015','Porte coulissante ebene',15,'Lyon',1215.00,'T');
 


insert into ARTICLES 
 (
      NO_ARTICLE,
     LIB_ARTICLE,
      QTE_DISPO,
      VILLE_ART,
      PRIX_ART,
      INTERROMPU
) 
values 
('001019','Table de reunion',12,'Lyon',6750.00,'F');
 
insert into ARTICLES 
 (
      NO_ARTICLE,
     LIB_ARTICLE,
     QTE_DISPO,
      VILLE_ART,
      PRIX_ART,
      INTERROMPU
) 
values 
('001021','Ensemble bureau (President)',3,'Lyon',3965.53,'F');
 
insert into ARTICLES 
 (
      NO_ARTICLE,
     LIB_ARTICLE,
     QTE_DISPO,
      VILLE_ART,
      PRIX_ART,
      INTERROMPU
) 
values 
('001022','Table en orme',5,'Lyon',604.65,'F');
 
insert into ARTICLES 
 (
      NO_ARTICLE,
     LIB_ARTICLE,
     QTE_DISPO,
      VILLE_ART,
      PRIX_ART,
      INTERROMPU
) 
values 
('001024','Table en aluminium',140,'Nantes',295.53,'F'); 

insert into ARTICLES 
 (
      NO_ARTICLE,
     LIB_ARTICLE,
     QTE_DISPO,
      VILLE_ART,
      PRIX_ART,
      INTERROMPU
) 
values 
('001025','Bureau (Directeur) - 2 metres',63,'Paris',1395.00,'F');
 
insert into ARTICLES 
 (
      NO_ARTICLE,
     LIB_ARTICLE,
     QTE_DISPO,
      VILLE_ART,
      PRIX_ART,
      INTERROMPU
) 
values 
('001027','Bureau (Directeur) - 3 metres',20,'Nantes',2325.00,'F');

insert into ARTICLES 
 (
      NO_ARTICLE,
     LIB_ARTICLE,
     QTE_DISPO,
      VILLE_ART,
      PRIX_ART,
      INTERROMPU
) 
values 
('001029','Armoire - 2 tiroirs',200,'Lyon',130.65,'F');
 
insert into ARTICLES 
 (
      NO_ARTICLE,
     LIB_ARTICLE,
     QTE_DISPO,
      VILLE_ART,
      PRIX_ART,
      INTERROMPU
) 
values 
('001031','Chaise (Directeur) - pivotante',79,'Paris',840.00,'F');
 
insert into ARTICLES 
 (
      NO_ARTICLE,
     LIB_ARTICLE,
     QTE_DISPO,
      VILLE_ART,
      PRIX_ART,
      INTERROMPU
) 
values 
('001032','Armoire - 4 tiroirs',15,'Nantes',242.83,'F');
 
insert into ARTICLES 
 (
      NO_ARTICLE,
     LIB_ARTICLE,
     QTE_DISPO,
      VILLE_ART,
      PRIX_ART,
      INTERROMPU
) 
values 
('001033','Chaise - accoudoirs standard',20,'Nantes',375.00,'T');
 
insert into ARTICLES 
 (
      NO_ARTICLE,
     LIB_ARTICLE,
     QTE_DISPO,
      VILLE_ART,
      PRIX_ART,
      INTERROMPU
) 
values 
('001038','Lampe - bras articule',169,'Paris',247.13,'F');
 



insert into  DETAIL_CDE 
( 
      NO_COMMAND, 
      NO_ARTICLE, 
      QTE_CDEE, 
      LIVREE ) 
values ('020002','001032',2,'F'); 




insert into  DETAIL_CDE 
( 
      NO_COMMAND, 
      NO_ARTICLE, 
      QTE_CDEE, 
      LIVREE ) 
values ('020023','001032',2,'F'); 
insert into  DETAIL_CDE 
( 
      NO_COMMAND, 
      NO_ARTICLE, 
      QTE_CDEE, 
      LIVREE ) 
values ('020002','001025',3,'F'); 
insert into  DETAIL_CDE 
( 
      NO_COMMAND, 
      NO_ARTICLE, 
      QTE_CDEE, 
      LIVREE ) 
values ('020026','001025',3,'F'); 

insert into  DETAIL_CDE 
( 
      NO_COMMAND, 
      NO_ARTICLE, 
      QTE_CDEE, 
      LIVREE ) 
values ('020026','001015',3,'F'); 

insert into  DETAIL_CDE 
( 
      NO_COMMAND, 
      NO_ARTICLE, 
      QTE_CDEE, 
      LIVREE ) 
values ('020002','001013',3,'F'); 
insert into  DETAIL_CDE 
( 
      NO_COMMAND, 
      NO_ARTICLE, 
      QTE_CDEE, 
      LIVREE ) 
values ('020003','001021',4,'F'); 

insert into  DETAIL_CDE 
( 
      NO_COMMAND, 
      NO_ARTICLE, 
      QTE_CDEE, 
      LIVREE ) 
values ('020003','001005',2,'F'); 

insert into  DETAIL_CDE 
( 
      NO_COMMAND, 
      NO_ARTICLE, 
      QTE_CDEE, 
      LIVREE ) 
values ('020004','001027',5,'F'); 

insert into  DETAIL_CDE 
( 
      NO_COMMAND, 
      NO_ARTICLE, 
      QTE_CDEE, 
      LIVREE ) 
values ('020004','001038',5,'F'); 

insert into  DETAIL_CDE 
( 
      NO_COMMAND, 
      NO_ARTICLE, 
      QTE_CDEE, 
      LIVREE ) 
values ('020004','001013',5,'F'); 

insert into  DETAIL_CDE 
( 
      NO_COMMAND, 
      NO_ARTICLE, 
      QTE_CDEE, 
      LIVREE ) 
values ('020005','001019',2,'F'); 

insert into  DETAIL_CDE 
(
       NO_COMMAND, 
      NO_ARTICLE, 
      QTE_CDEE, 
      LIVREE ) 
values ('020006','001007',25,'F'); 

insert into  DETAIL_CDE 
( 
      NO_COMMAND, 
      NO_ARTICLE, 
      QTE_CDEE, 
      LIVREE ) 
values ('020006','001031',25,'F'); 

insert into  DETAIL_CDE 
( 
      NO_COMMAND, 
      NO_ARTICLE, 
      QTE_CDEE, 
      LIVREE ) 
values ('020007','001022',3,'F'); 

insert into  DETAIL_CDE 
( 
      NO_COMMAND, 
      NO_ARTICLE, 
      QTE_CDEE, 
      LIVREE ) 
values ('020007','001033',3,'F'); 

insert into  DETAIL_CDE 
( 
      NO_COMMAND, 
      NO_ARTICLE, 
      QTE_CDEE, 
      LIVREE ) 
values ('020008','001009',3,'F'); 

insert into  DETAIL_CDE 
( 
      NO_COMMAND, 
      NO_ARTICLE, 
      QTE_CDEE, 
      LIVREE ) 
values ('020009','001029',31,'F'); 

insert into  DETAIL_CDE 
( 
      NO_COMMAND, 
      NO_ARTICLE, 
      QTE_CDEE, 
      LIVREE ) 
values ('020010','001005',5,'F'); 

insert into  DETAIL_CDE 
( 
      NO_COMMAND, 
      NO_ARTICLE, 
      QTE_CDEE, 
      LIVREE ) 
values ('020010','001021',2,'F'); 

insert into  DETAIL_CDE 
( 
      NO_COMMAND, 
      NO_ARTICLE, 
      QTE_CDEE, 
      LIVREE ) 
values ('020011','001029',7,'F'); 

insert into  DETAIL_CDE 
( 
      NO_COMMAND, 
      NO_ARTICLE, 
      QTE_CDEE, 
      LIVREE ) 
values ('020011','001025',4,'F'); 

insert into  DETAIL_CDE 
( 
      NO_COMMAND, 
      NO_ARTICLE, 
      QTE_CDEE, 
      LIVREE ) 
values ('020011','001031',7,'F'); 

insert into  DETAIL_CDE 
( 
      NO_COMMAND, 
      NO_ARTICLE, 
      QTE_CDEE, 
      LIVREE ) 
values ('020012','001015',5,'F'); 

insert into  DETAIL_CDE 
( 
      NO_COMMAND, 
      NO_ARTICLE, 
      QTE_CDEE, 
      LIVREE ) 
values ('020013','001022',2,'F'); 

insert into  DETAIL_CDE 
( 
      NO_COMMAND, 
      NO_ARTICLE, 
      QTE_CDEE, 
      LIVREE ) 
values ('020013','001019',1,'F'); 

insert into  DETAIL_CDE 
( 
      NO_COMMAND, 
      NO_ARTICLE, 
      QTE_CDEE, 
      LIVREE ) 
values ('020014','001021',2,'F'); 

insert into  DETAIL_CDE 
( 
      NO_COMMAND, 
      NO_ARTICLE, 
      QTE_CDEE, 
      LIVREE ) 
values ('020015','001025',15,'F'); 

insert into  DETAIL_CDE 
( 
      NO_COMMAND, 
      NO_ARTICLE, 
      QTE_CDEE, 
      LIVREE ) 
values ('020016','001031',4,'F'); 

insert into  DETAIL_CDE 
( 
      NO_COMMAND, 
      NO_ARTICLE, 
      QTE_CDEE, 
      LIVREE ) 
values ('020016','001025',2,'F'); 

insert into  DETAIL_CDE 
( 
      NO_COMMAND, 
      NO_ARTICLE, 
      QTE_CDEE, 
      LIVREE ) 
values ('020017','001029',6,'F'); 

insert into  DETAIL_CDE 
( 
      NO_COMMAND, 
      NO_ARTICLE, 
      QTE_CDEE, 
      LIVREE ) 
values ('020018','001038',4,'F'); 

insert into  DETAIL_CDE 
( 
      NO_COMMAND, 
      NO_ARTICLE, 
      QTE_CDEE, 
      LIVREE ) 
values ('020019','001027',3,'F'); 

insert into  DETAIL_CDE 
( 
      NO_COMMAND, 
      NO_ARTICLE, 
      QTE_CDEE, 
      LIVREE ) 
values ('020020','001024',7,'F'); 

insert into  DETAIL_CDE 
( 
      NO_COMMAND, 
      NO_ARTICLE, 
      QTE_CDEE, 
      LIVREE ) 
values ('020020','001032',4,'F'); 

insert into  DETAIL_CDE 
( 
      NO_COMMAND, 
      NO_ARTICLE, 
      QTE_CDEE, 
      LIVREE ) 
values ('020021','001013',8,'F'); 

insert into  DETAIL_CDE 
( 
      NO_COMMAND, 
      NO_ARTICLE, 
      QTE_CDEE, 
      LIVREE ) 
values ('020021','001025',8,'F'); 

insert into  DETAIL_CDE 
( 
      NO_COMMAND, 
      NO_ARTICLE, 
      QTE_CDEE, 
      LIVREE ) 
values ('020021','001024',6,'F'); 

insert into  DETAIL_CDE 
( 
      NO_COMMAND, 
      NO_ARTICLE, 
      QTE_CDEE, 
      LIVREE ) 
values ('020022','001015',1,'F');

insert into  DETAIL_CDE 
( 
      NO_COMMAND, 
      NO_ARTICLE, 
      QTE_CDEE, 
      LIVREE ) 
values ('020023','001024',12,'F'); 

insert into  DETAIL_CDE 
( 
      NO_COMMAND, 
      NO_ARTICLE, 
      QTE_CDEE, 
      LIVREE ) 
values ('020024','001009',3,'F'); 

insert into  DETAIL_CDE 
( 
      NO_COMMAND, 
      NO_ARTICLE, 
      QTE_CDEE, 
      LIVREE ) 
values ('020024','001027',3,'F'); 

insert into  DETAIL_CDE 
( 
      NO_COMMAND, 
      NO_ARTICLE, 
      QTE_CDEE, 
      LIVREE ) 
values ('020025','001019',1,'F'); 

insert into  DETAIL_CDE 
( 
      NO_COMMAND, 
      NO_ARTICLE, 
      QTE_CDEE, 
      LIVREE ) 
values ('020026','001007',9,'F'); 

insert into  DETAIL_CDE 
( 
      NO_COMMAND, 
      NO_ARTICLE, 
      QTE_CDEE, 
      LIVREE ) 
values ('020026','001013',9,'F'); 

insert into  DETAIL_CDE 
( 
      NO_COMMAND, 
      NO_ARTICLE, 
      QTE_CDEE, 
      LIVREE ) 
values ('020026','001024',5,'F');
 
insert into COMPOSE 
( 
      NO_COMPOSE, 
      NO_COMPOSANT, 
      QTE_COMPOSANT 
) 
values  
('001001','001007',1);
 
insert into COMPOSE 
( 
      NO_COMPOSE, 
      NO_COMPOSANT, 
      QTE_COMPOSANT 
) 
values  
('001001','001013',1);
 
insert into COMPOSE 
( 
      NO_COMPOSE, 
      NO_COMPOSANT, 
      QTE_COMPOSANT 
) 
values  
('001001','001032',1);
 
insert into COMPOSE 
( 
      NO_COMPOSE, 
      NO_COMPOSANT, 
      QTE_COMPOSANT 
) 
values  
('001001','001038',1);
 
insert into COMPOSE 
( 
      NO_COMPOSE, 
      NO_COMPOSANT, 
      QTE_COMPOSANT 
) 
values  
('001005','001027',1);
 
insert into COMPOSE 
( 
      NO_COMPOSE, 
      NO_COMPOSANT, 
      QTE_COMPOSANT 
) 
values  
('001005','001031',1);
 
insert into COMPOSE 
( 
      NO_COMPOSE, 
      NO_COMPOSANT, 
      QTE_COMPOSANT 
) 
values  
('001005','001024',1);
 
insert into COMPOSE 
( 
      NO_COMPOSE, 
      NO_COMPOSANT, 
      QTE_COMPOSANT 
) 
values  
('001021','001025',1);
 
insert into COMPOSE 
( 
      NO_COMPOSE, 
      NO_COMPOSANT, 
      QTE_COMPOSANT 
) 
values  
('001021','001031',1);
 
insert into COMPOSE 
( 
      NO_COMPOSE, 
      NO_COMPOSANT, 
      QTE_COMPOSANT 
) 
values  
('001021','001024',1);
 
insert into COMPOSE 
( 
      NO_COMPOSE, 
      NO_COMPOSANT, 
      QTE_COMPOSANT 
) 
values  
('001021','001015',1);
 
insert into COMPOSE 
( 
      NO_COMPOSE, 
      NO_COMPOSANT, 
      QTE_COMPOSANT 
) 
values  
('001002','001025',1);
 
insert into COMPOSE 
( 
      NO_COMPOSE, 
      NO_COMPOSANT, 
      QTE_COMPOSANT 
) 
values  
('001002','001032',1);
 
insert into COMPOSE 
( 
      NO_COMPOSE, 
      NO_COMPOSANT, 
      QTE_COMPOSANT 
) 
values  
('001002','001013',1); 













